station_name,latitude,longitude
Itagi rd.,15.6580,74.7210
Devarshigahalli,15.6210,74.7430
SDNR,15.8234,74.5120
KHB,15.8720,74.5240
DNT,15.8340,74.4980
DPM-SCH,15.8450,74.5050
JAIN-COL.,15.8410,74.5020
TTP,15.8590,74.5150
AWT,15.8120,74.4890
Angol-SDNR,15.8250,74.5100
Shahu Ngr (RD),15.8640,74.5320
BK Kangralli (RD),15.9120,74.5210
RCU,15.7620,74.5680
Kolkata Cross,15.8600,74.5200
Sulaga,15.9120,74.4680
Yellur,15.7820,74.4980
Muchandi,15.9230,74.5820
Sulebhavi,15.8920,74.6540
Halgi Mardi,15.9010,74.5930
Hulikavi,15.9450,74.6120
K K Koppa,15.8820,74.6320
Koli Koppa,15.8750,74.6180
Marakatti,15.8950,74.6750
Mastmardi,15.8680,74.6210
Badal ankalagi,15.9320,74.6450
Chandan hosur,15.8120,74.5780
H Bastwad,15.7890,74.5210
S Bastwad,15.7850,74.5180
Ramtrith ngr,15.8760,74.5380
Navage,15.8210,74.4450
Hunchanatti,15.8320,74.4320
Kinaye,15.7950,74.4620
Rankunde,15.7650,74.4480
Karle,15.7520,74.4350
Janewadi,15.7410,74.4250
